-- MySQL Script generated by MySQL Workbench
-- Mon Nov  7 19:09:27 2022
-- Model: New Model    Version: 1.0
-- MySQL Workbench Forward Engineering

SET @OLD_UNIQUE_CHECKS=@@UNIQUE_CHECKS, UNIQUE_CHECKS=0;
SET @OLD_FOREIGN_KEY_CHECKS=@@FOREIGN_KEY_CHECKS, FOREIGN_KEY_CHECKS=0;
SET @OLD_SQL_MODE=@@SQL_MODE, SQL_MODE='ONLY_FULL_GROUP_BY,STRICT_TRANS_TABLES,NO_ZERO_IN_DATE,NO_ZERO_DATE,ERROR_FOR_DIVISION_BY_ZERO,NO_ENGINE_SUBSTITUTION';

-- -----------------------------------------------------
-- Schema paidify
-- -----------------------------------------------------

-- -----------------------------------------------------
-- Schema paidify
-- -----------------------------------------------------
CREATE SCHEMA IF NOT EXISTS `paidify` DEFAULT CHARACTER SET utf8 ;
USE `paidify` ;

-- -----------------------------------------------------
-- Table `paidify`.`department`
-- -----------------------------------------------------
CREATE TABLE IF NOT EXISTS `paidify`.`department` (
  `id` TINYINT UNSIGNED NOT NULL AUTO_INCREMENT,
  `department` VARCHAR(45) NOT NULL,
  PRIMARY KEY (`id`),
  UNIQUE INDEX `name_UNIQUE` (`department` ASC) VISIBLE)
ENGINE = InnoDB
AUTO_INCREMENT = 1;


-- -----------------------------------------------------
-- Table `paidify`.`city`
-- -----------------------------------------------------
CREATE TABLE IF NOT EXISTS `paidify`.`city` (
  `id` TINYINT UNSIGNED NOT NULL AUTO_INCREMENT,
  `city` VARCHAR(45) NOT NULL,
  `department_id` TINYINT UNSIGNED NOT NULL,
  PRIMARY KEY (`id`),
  INDEX `fk_city_department1_idx` (`department_id` ASC) VISIBLE,
  CONSTRAINT `fk_city_department1`
    FOREIGN KEY (`department_id`)
    REFERENCES `paidify`.`department` (`id`)
    ON DELETE NO ACTION
    ON UPDATE CASCADE)
ENGINE = InnoDB
AUTO_INCREMENT = 1;


-- -----------------------------------------------------
-- Table `paidify`.`address`
-- -----------------------------------------------------
CREATE TABLE IF NOT EXISTS `paidify`.`address` (
  `id` SMALLINT UNSIGNED NOT NULL,
  `address_line` VARCHAR(45) NULL,
  `zip_code` VARCHAR(10) NULL,
  `city_id` TINYINT UNSIGNED NOT NULL,
  PRIMARY KEY (`id`),
  INDEX `fk_address_city1_idx` (`city_id` ASC) VISIBLE,
  CONSTRAINT `fk_address_city1`
    FOREIGN KEY (`city_id`)
    REFERENCES `paidify`.`city` (`id`)
    ON DELETE NO ACTION
    ON UPDATE CASCADE)
ENGINE = InnoDB
AUTO_INCREMENT = 1;


-- -----------------------------------------------------
-- Table `paidify`.`person`
-- -----------------------------------------------------
CREATE TABLE IF NOT EXISTS `paidify`.`person` (
  `id` SMALLINT UNSIGNED NOT NULL AUTO_INCREMENT,
  `first_name` VARCHAR(25) NOT NULL,
  `last_name` VARCHAR(25) NOT NULL,
  `doc_type` VARCHAR(45) NULL,
  `doc_number` VARCHAR(25) NULL,
  `email` VARCHAR(45) NOT NULL,
  `address_id` SMALLINT UNSIGNED NULL,
  PRIMARY KEY (`id`),
  UNIQUE INDEX `doc_number_UNIQUE` (`doc_number` ASC) VISIBLE,
  UNIQUE INDEX `email_UNIQUE` (`email` ASC) VISIBLE,
  INDEX `fk_person_address1_idx` (`address_id` ASC) VISIBLE,
  UNIQUE INDEX `address_id_UNIQUE` (`address_id` ASC) VISIBLE,
  CONSTRAINT `fk_person_address1`
    FOREIGN KEY (`address_id`)
    REFERENCES `paidify`.`address` (`id`)
    ON DELETE NO ACTION
    ON UPDATE CASCADE)
ENGINE = InnoDB
AUTO_INCREMENT = 1;


-- -----------------------------------------------------
-- Table `paidify`.`campus`
-- -----------------------------------------------------
CREATE TABLE IF NOT EXISTS `paidify`.`campus` (
  `id` TINYINT UNSIGNED NOT NULL AUTO_INCREMENT,
  `campus` VARCHAR(45) NOT NULL,
  `address_id` SMALLINT UNSIGNED NOT NULL,
  PRIMARY KEY (`id`),
  INDEX `fk_campus_address1_idx` (`address_id` ASC) VISIBLE,
  CONSTRAINT `fk_campus_address1`
    FOREIGN KEY (`address_id`)
    REFERENCES `paidify`.`address` (`id`)
    ON DELETE NO ACTION
    ON UPDATE CASCADE)
ENGINE = InnoDB
AUTO_INCREMENT = 1;


-- -----------------------------------------------------
-- Table `paidify`.`university_actor`
-- -----------------------------------------------------
CREATE TABLE IF NOT EXISTS `paidify`.`university_actor` (
  `id` SMALLINT UNSIGNED NOT NULL AUTO_INCREMENT,
  `username` VARCHAR(15) NOT NULL,
  `email` VARCHAR(45) NOT NULL,
  `person_id` SMALLINT UNSIGNED NOT NULL,
  `campus_id` TINYINT UNSIGNED NULL,
  PRIMARY KEY (`id`, `person_id`),
  UNIQUE INDEX `email_UNIQUE` (`email` ASC) VISIBLE,
  UNIQUE INDEX `username_UNIQUE` (`username` ASC) VISIBLE,
  INDEX `fk_university_actor_person1_idx` (`person_id` ASC) VISIBLE,
  INDEX `fk_university_actor_campus1_idx` (`campus_id` ASC) VISIBLE,
  UNIQUE INDEX `person_id_UNIQUE` (`person_id` ASC) VISIBLE,
  CONSTRAINT `fk_university_actor_person1`
    FOREIGN KEY (`person_id`)
    REFERENCES `paidify`.`person` (`id`)
    ON DELETE CASCADE
    ON UPDATE CASCADE,
  CONSTRAINT `fk_university_actor_campus1`
    FOREIGN KEY (`campus_id`)
    REFERENCES `paidify`.`campus` (`id`)
    ON DELETE NO ACTION
    ON UPDATE CASCADE)
ENGINE = InnoDB
AUTO_INCREMENT = 1;


-- -----------------------------------------------------
-- Table `paidify`.`card_category`
-- -----------------------------------------------------
CREATE TABLE IF NOT EXISTS `paidify`.`card_category` (
  `id` TINYINT UNSIGNED NOT NULL AUTO_INCREMENT,
  `category` VARCHAR(20) NOT NULL,
  PRIMARY KEY (`id`),
  UNIQUE INDEX `category_UNIQUE` (`category` ASC) VISIBLE)
ENGINE = InnoDB
AUTO_INCREMENT = 1;


-- -----------------------------------------------------
-- Table `paidify`.`card_type`
-- -----------------------------------------------------
CREATE TABLE IF NOT EXISTS `paidify`.`card_type` (
  `id` TINYINT UNSIGNED NOT NULL AUTO_INCREMENT,
  `type` VARCHAR(6) NOT NULL,
  PRIMARY KEY (`id`),
  UNIQUE INDEX `type_UNIQUE` (`type` ASC) VISIBLE)
ENGINE = InnoDB
AUTO_INCREMENT = 1;


-- -----------------------------------------------------
-- Table `paidify`.`card`
-- -----------------------------------------------------
CREATE TABLE IF NOT EXISTS `paidify`.`card` (
  `id` SMALLINT UNSIGNED NOT NULL AUTO_INCREMENT,
  `owner` VARCHAR(45) NOT NULL,
  `card_number` VARCHAR(16) NOT NULL,
  `card_category_id` TINYINT UNSIGNED NULL,
  `card_type_id` TINYINT UNSIGNED NOT NULL,
  `person_id` SMALLINT UNSIGNED NOT NULL,
  PRIMARY KEY (`id`),
  UNIQUE INDEX `card_number_UNIQUE` (`card_number` ASC) VISIBLE,
  INDEX `fk_card_card_category1_idx` (`card_category_id` ASC) VISIBLE,
  INDEX `fk_card_card_type1_idx` (`card_type_id` ASC) VISIBLE,
  INDEX `fk_card_person1_idx` (`person_id` ASC) VISIBLE,
  CONSTRAINT `fk_card_card_category1`
    FOREIGN KEY (`card_category_id`)
    REFERENCES `paidify`.`card_category` (`id`)
    ON DELETE NO ACTION
    ON UPDATE CASCADE,
  CONSTRAINT `fk_card_card_type1`
    FOREIGN KEY (`card_type_id`)
    REFERENCES `paidify`.`card_type` (`id`)
    ON DELETE NO ACTION
    ON UPDATE CASCADE,
  CONSTRAINT `fk_card_person1`
    FOREIGN KEY (`person_id`)
    REFERENCES `paidify`.`person` (`id`)
    ON DELETE CASCADE
    ON UPDATE CASCADE)
ENGINE = InnoDB;


-- -----------------------------------------------------
-- Table `paidify`.`payment_concept`
-- -----------------------------------------------------
CREATE TABLE IF NOT EXISTS `paidify`.`payment_concept` (
  `id` TINYINT UNSIGNED NOT NULL AUTO_INCREMENT,
  `concept` VARCHAR(45) NOT NULL,
  `description` VARCHAR(45) NULL,
  `amount` INT UNSIGNED NOT NULL,
  PRIMARY KEY (`id`),
  UNIQUE INDEX `concept_UNIQUE` (`concept` ASC) VISIBLE)
ENGINE = InnoDB
AUTO_INCREMENT = 1;


-- -----------------------------------------------------
-- Table `paidify`.`role`
-- -----------------------------------------------------
CREATE TABLE IF NOT EXISTS `paidify`.`role` (
  `id` TINYINT UNSIGNED NOT NULL,
  `role` VARCHAR(20) NOT NULL,
  PRIMARY KEY (`id`),
  UNIQUE INDEX `role_UNIQUE` (`role` ASC) VISIBLE)
ENGINE = InnoDB
COMMENT = '				';


-- -----------------------------------------------------
-- Table `paidify`.`user`
-- -----------------------------------------------------
CREATE TABLE IF NOT EXISTS `paidify`.`user` (
  `id` SMALLINT UNSIGNED NOT NULL AUTO_INCREMENT,
  `password` CHAR(60) NOT NULL,
  `role_id` TINYINT UNSIGNED NOT NULL,
  `university_actor_id` SMALLINT UNSIGNED NOT NULL,
  `university_actor_person_id` SMALLINT UNSIGNED NOT NULL,
  INDEX `fk_user_role1_idx` (`role_id` ASC) VISIBLE,
  PRIMARY KEY (`id`, `university_actor_id`, `university_actor_person_id`),
  INDEX `fk_user_university_actor1_idx` (`university_actor_id` ASC, `university_actor_person_id` ASC) VISIBLE,
  UNIQUE INDEX `university_actor_id_UNIQUE` (`university_actor_id` ASC) VISIBLE,
  UNIQUE INDEX `university_actor_person_id_UNIQUE` (`university_actor_person_id` ASC) VISIBLE,
  CONSTRAINT `fk_user_role1`
    FOREIGN KEY (`role_id`)
    REFERENCES `paidify`.`role` (`id`)
    ON DELETE NO ACTION
    ON UPDATE CASCADE,
  CONSTRAINT `fk_user_university_actor1`
    FOREIGN KEY (`university_actor_id`)
    REFERENCES `paidify`.`university_actor` (`id`)
    ON DELETE CASCADE
    ON UPDATE CASCADE)
ENGINE = InnoDB
AUTO_INCREMENT = 1;


-- -----------------------------------------------------
-- Table `paidify`.`operation_status`
-- -----------------------------------------------------
CREATE TABLE IF NOT EXISTS `paidify`.`operation_status` (
  `id` TINYINT UNSIGNED NOT NULL AUTO_INCREMENT,
  `status` VARCHAR(15) NOT NULL,
  PRIMARY KEY (`id`),
  UNIQUE INDEX `status_UNIQUE` (`status` ASC) VISIBLE)
ENGINE = InnoDB
AUTO_INCREMENT = 1;


-- -----------------------------------------------------
-- Table `paidify`.`balance_query`
-- -----------------------------------------------------
CREATE TABLE IF NOT EXISTS `paidify`.`balance_query` (
  `id` SMALLINT UNSIGNED NOT NULL AUTO_INCREMENT,
  `date` DATETIME NOT NULL DEFAULT now(),
  `effective_date` DATETIME NULL,
  `operation_status_id` TINYINT UNSIGNED NOT NULL,
  `person_id` SMALLINT UNSIGNED NULL,
  INDEX `fk_balance_query_operation_status1_idx` (`operation_status_id` ASC) VISIBLE,
  PRIMARY KEY (`id`),
  INDEX `fk_balance_query_person1_idx` (`person_id` ASC) VISIBLE,
  CONSTRAINT `fk_balance_query_operation_status1`
    FOREIGN KEY (`operation_status_id`)
    REFERENCES `paidify`.`operation_status` (`id`)
    ON DELETE NO ACTION
    ON UPDATE CASCADE,
  CONSTRAINT `fk_balance_query_person1`
    FOREIGN KEY (`person_id`)
    REFERENCES `paidify`.`person` (`id`)
    ON DELETE SET NULL
    ON UPDATE CASCADE)
ENGINE = InnoDB
AUTO_INCREMENT = 1;


-- -----------------------------------------------------
-- Table `paidify`.`card_balance_query`
-- -----------------------------------------------------
CREATE TABLE IF NOT EXISTS `paidify`.`card_balance_query` (
  `id` SMALLINT UNSIGNED NOT NULL AUTO_INCREMENT,
  `balance` INT UNSIGNED NULL,
  `gateway_date` DATETIME NULL,
  `operation_status_id` TINYINT UNSIGNED NOT NULL,
  `balance_query_id` SMALLINT UNSIGNED NOT NULL,
  `card_id` SMALLINT UNSIGNED NULL,
  PRIMARY KEY (`id`),
  INDEX `fk_payment_method_query_operation_status1_idx` (`operation_status_id` ASC) VISIBLE,
  INDEX `fk_payment_method_query_balance_query1_idx` (`balance_query_id` ASC) VISIBLE,
  INDEX `fk_card_balance_query_card1_idx` (`card_id` ASC) VISIBLE,
  CONSTRAINT `fk_payment_method_query_operation_status1`
    FOREIGN KEY (`operation_status_id`)
    REFERENCES `paidify`.`operation_status` (`id`)
    ON DELETE NO ACTION
    ON UPDATE CASCADE,
  CONSTRAINT `fk_payment_method_query_balance_query1`
    FOREIGN KEY (`balance_query_id`)
    REFERENCES `paidify`.`balance_query` (`id`)
    ON DELETE CASCADE
    ON UPDATE CASCADE,
  CONSTRAINT `fk_card_balance_query_card1`
    FOREIGN KEY (`card_id`)
    REFERENCES `paidify`.`card` (`id`)
    ON DELETE SET NULL
    ON UPDATE CASCADE)
ENGINE = InnoDB
AUTO_INCREMENT = 1;


-- -----------------------------------------------------
-- Table `paidify`.`payment`
-- -----------------------------------------------------
CREATE TABLE IF NOT EXISTS `paidify`.`payment` (
  `id` SMALLINT UNSIGNED NOT NULL AUTO_INCREMENT,
  `credit_card_authorization_code` CHAR(2) NULL,
  `amount` INT UNSIGNED NOT NULL,
  `balance` INT UNSIGNED NULL,
  `date` TIMESTAMP NOT NULL DEFAULT now(),
  `effective_date` TIMESTAMP NULL,
  `gateway_date` TIMESTAMP NULL,
  `reference_number` VARCHAR(45) NULL,
  `payment_type` VARCHAR(20) NOT NULL,
  `num_installments` TINYINT UNSIGNED NULL DEFAULT 1,
  `fulfilled` TINYINT UNSIGNED NULL DEFAULT 0,
  `operation_status_id` TINYINT UNSIGNED NOT NULL,
  `payment_concept_id` TINYINT UNSIGNED NOT NULL,
  `person_id` SMALLINT UNSIGNED NULL,
  `campus_id` TINYINT UNSIGNED NOT NULL,
  `card_id` SMALLINT UNSIGNED NULL,
  PRIMARY KEY (`id`),
  UNIQUE INDEX `reference_number_UNIQUE` (`reference_number` ASC) VISIBLE,
  INDEX `fk_payment_operation_status1_idx` (`operation_status_id` ASC) VISIBLE,
  INDEX `fk_payment_payment_concept1_idx` (`payment_concept_id` ASC) VISIBLE,
  INDEX `fk_payment_person1_idx` (`person_id` ASC) VISIBLE,
  INDEX `fk_payment_campus1_idx` (`campus_id` ASC) VISIBLE,
  INDEX `fk_payment_card1_idx` (`card_id` ASC) VISIBLE,
  CONSTRAINT `fk_payment_operation_status1`
    FOREIGN KEY (`operation_status_id`)
    REFERENCES `paidify`.`operation_status` (`id`)
    ON DELETE NO ACTION
    ON UPDATE CASCADE,
  CONSTRAINT `fk_payment_payment_concept1`
    FOREIGN KEY (`payment_concept_id`)
    REFERENCES `paidify`.`payment_concept` (`id`)
    ON DELETE NO ACTION
    ON UPDATE CASCADE,
  CONSTRAINT `fk_payment_person1`
    FOREIGN KEY (`person_id`)
    REFERENCES `paidify`.`person` (`id`)
    ON DELETE SET NULL
    ON UPDATE CASCADE,
  CONSTRAINT `fk_payment_campus1`
    FOREIGN KEY (`campus_id`)
    REFERENCES `paidify`.`campus` (`id`)
    ON DELETE NO ACTION
    ON UPDATE CASCADE,
  CONSTRAINT `fk_payment_card1`
    FOREIGN KEY (`card_id`)
    REFERENCES `paidify`.`card` (`id`)
    ON DELETE SET NULL
    ON UPDATE CASCADE)
ENGINE = InnoDB
AUTO_INCREMENT = 1;


-- -----------------------------------------------------
-- Table `paidify`.`invoice`
-- -----------------------------------------------------
CREATE TABLE IF NOT EXISTS `paidify`.`invoice` (
  `id` SMALLINT UNSIGNED NOT NULL AUTO_INCREMENT,
  `date` TIMESTAMP NOT NULL DEFAULT now(),
  `due_date` TIMESTAMP NOT NULL,
  `description` VARCHAR(100) NULL,
  `invoice_number` VARCHAR(45) NOT NULL,
  `payment_id` SMALLINT UNSIGNED NOT NULL,
  PRIMARY KEY (`id`),
  UNIQUE INDEX `invoice_number_UNIQUE` (`invoice_number` ASC) VISIBLE,
  INDEX `fk_invoice_payment1_idx` (`payment_id` ASC) VISIBLE,
  CONSTRAINT `fk_invoice_payment1`
    FOREIGN KEY (`payment_id`)
    REFERENCES `paidify`.`payment` (`id`)
    ON DELETE CASCADE
    ON UPDATE CASCADE)
ENGINE = InnoDB
AUTO_INCREMENT = 1;


SET SQL_MODE=@OLD_SQL_MODE;
SET FOREIGN_KEY_CHECKS=@OLD_FOREIGN_KEY_CHECKS;
SET UNIQUE_CHECKS=@OLD_UNIQUE_CHECKS;

-- -----------------------------------------------------
-- Data for table `paidify`.`department`
-- -----------------------------------------------------
START TRANSACTION;
USE `paidify`;
INSERT INTO `paidify`.`department` (`id`, `department`) VALUES (1, 'Atlántico');
INSERT INTO `paidify`.`department` (`id`, `department`) VALUES (2, 'Bolívar');
INSERT INTO `paidify`.`department` (`id`, `department`) VALUES (3, 'Sucre');
INSERT INTO `paidify`.`department` (`id`, `department`) VALUES (4, 'Córdoba');
INSERT INTO `paidify`.`department` (`id`, `department`) VALUES (5, 'Magdalena');

COMMIT;


-- -----------------------------------------------------
-- Data for table `paidify`.`city`
-- -----------------------------------------------------
START TRANSACTION;
USE `paidify`;
INSERT INTO `paidify`.`city` (`id`, `city`, `department_id`) VALUES (1, 'Santa Marta', 5);
INSERT INTO `paidify`.`city` (`id`, `city`, `department_id`) VALUES (2, 'Barranquilla', 1);
INSERT INTO `paidify`.`city` (`id`, `city`, `department_id`) VALUES (3, 'Montería', 4);
INSERT INTO `paidify`.`city` (`id`, `city`, `department_id`) VALUES (4, 'Cartagena', 2);
INSERT INTO `paidify`.`city` (`id`, `city`, `department_id`) VALUES (5, 'Sincelejo', 3);

COMMIT;


-- -----------------------------------------------------
-- Data for table `paidify`.`address`
-- -----------------------------------------------------
START TRANSACTION;
USE `paidify`;
INSERT INTO `paidify`.`address` (`id`, `address_line`, `zip_code`, `city_id`) VALUES (1, NULL, NULL, 1);
INSERT INTO `paidify`.`address` (`id`, `address_line`, `zip_code`, `city_id`) VALUES (2, NULL, NULL, 2);
INSERT INTO `paidify`.`address` (`id`, `address_line`, `zip_code`, `city_id`) VALUES (3, NULL, NULL, 3);
INSERT INTO `paidify`.`address` (`id`, `address_line`, `zip_code`, `city_id`) VALUES (4, NULL, NULL, 4);
INSERT INTO `paidify`.`address` (`id`, `address_line`, `zip_code`, `city_id`) VALUES (5, NULL, NULL, 5);
INSERT INTO `paidify`.`address` (`id`, `address_line`, `zip_code`, `city_id`) VALUES (6, NULL, NULL, 3);
INSERT INTO `paidify`.`address` (`id`, `address_line`, `zip_code`, `city_id`) VALUES (7, NULL, NULL, 1);
INSERT INTO `paidify`.`address` (`id`, `address_line`, `zip_code`, `city_id`) VALUES (8, NULL, NULL, 4);
INSERT INTO `paidify`.`address` (`id`, `address_line`, `zip_code`, `city_id`) VALUES (9, NULL, NULL, 5);
INSERT INTO `paidify`.`address` (`id`, `address_line`, `zip_code`, `city_id`) VALUES (10, NULL, NULL, 2);

COMMIT;


-- -----------------------------------------------------
-- Data for table `paidify`.`person`
-- -----------------------------------------------------
START TRANSACTION;
USE `paidify`;
INSERT INTO `paidify`.`person` (`id`, `first_name`, `last_name`, `doc_type`, `doc_number`, `email`, `address_id`) VALUES (1, 'John', 'Doe', NULL, NULL, 'johndoe.paidify@gmail.com', NULL);
INSERT INTO `paidify`.`person` (`id`, `first_name`, `last_name`, `doc_type`, `doc_number`, `email`, `address_id`) VALUES (2, 'Enrique José', 'Vélez Patiño', 'TI', '0000000002', 'enrique.paidify@gmail.com', 7);
INSERT INTO `paidify`.`person` (`id`, `first_name`, `last_name`, `doc_type`, `doc_number`, `email`, `address_id`) VALUES (3, 'Johan', 'Hernández Sánchez', 'CC', '0000000003', 'johan.paidify@gmail.com', 8);
INSERT INTO `paidify`.`person` (`id`, `first_name`, `last_name`, `doc_type`, `doc_number`, `email`, `address_id`) VALUES (4, 'Alicia', 'González Rojas', 'CC', '0000000004', 'alicia.paidify@gmail.com', 9);
INSERT INTO `paidify`.`person` (`id`, `first_name`, `last_name`, `doc_type`, `doc_number`, `email`, `address_id`) VALUES (5, 'Luisa Fernanda', 'Pineda Arias', 'TI', '0000000005', 'luisa.paidifu@gmail.com', 10);

COMMIT;


-- -----------------------------------------------------
-- Data for table `paidify`.`campus`
-- -----------------------------------------------------
START TRANSACTION;
USE `paidify`;
INSERT INTO `paidify`.`campus` (`id`, `campus`, `address_id`) VALUES (1, 'Santa Marta', 1);
INSERT INTO `paidify`.`campus` (`id`, `campus`, `address_id`) VALUES (2, 'Barranquilla', 2);
INSERT INTO `paidify`.`campus` (`id`, `campus`, `address_id`) VALUES (3, 'Montería', 3);
INSERT INTO `paidify`.`campus` (`id`, `campus`, `address_id`) VALUES (4, 'Cartagena', 4);
INSERT INTO `paidify`.`campus` (`id`, `campus`, `address_id`) VALUES (5, 'Sincelejo', 5);

COMMIT;


-- -----------------------------------------------------
-- Data for table `paidify`.`university_actor`
-- -----------------------------------------------------
START TRANSACTION;
USE `paidify`;
INSERT INTO `paidify`.`university_actor` (`id`, `username`, `email`, `person_id`, `campus_id`) VALUES (1, 'johndoe', 'johndoe@paidify.com', 1, NULL);
INSERT INTO `paidify`.`university_actor` (`id`, `username`, `email`, `person_id`, `campus_id`) VALUES (2, 'enrique', 'enrique@univ.edu', 2, 4);
INSERT INTO `paidify`.`university_actor` (`id`, `username`, `email`, `person_id`, `campus_id`) VALUES (3, 'johan', 'johan@univ.edu', 3, 2);
INSERT INTO `paidify`.`university_actor` (`id`, `username`, `email`, `person_id`, `campus_id`) VALUES (4, 'alicia', 'alicia@univ.edu', 4, 5);

COMMIT;


-- -----------------------------------------------------
-- Data for table `paidify`.`card_category`
-- -----------------------------------------------------
START TRANSACTION;
USE `paidify`;
INSERT INTO `paidify`.`card_category` (`id`, `category`) VALUES (1, 'visa');
INSERT INTO `paidify`.`card_category` (`id`, `category`) VALUES (2, 'mastercard');
INSERT INTO `paidify`.`card_category` (`id`, `category`) VALUES (3, 'american_express');

COMMIT;


-- -----------------------------------------------------
-- Data for table `paidify`.`card_type`
-- -----------------------------------------------------
START TRANSACTION;
USE `paidify`;
INSERT INTO `paidify`.`card_type` (`id`, `type`) VALUES (1, 'debit');
INSERT INTO `paidify`.`card_type` (`id`, `type`) VALUES (2, 'credit');

COMMIT;


-- -----------------------------------------------------
-- Data for table `paidify`.`card`
-- -----------------------------------------------------
START TRANSACTION;
USE `paidify`;
INSERT INTO `paidify`.`card` (`id`, `owner`, `card_number`, `card_category_id`, `card_type_id`, `person_id`) VALUES (1, 'ALICIA GONZÁLEZ', '2345678', 1, 2, 4);
INSERT INTO `paidify`.`card` (`id`, `owner`, `card_number`, `card_category_id`, `card_type_id`, `person_id`) VALUES (2, 'ENRIQUE VÉLEZ', '6789', 3, 2, 2);
INSERT INTO `paidify`.`card` (`id`, `owner`, `card_number`, `card_category_id`, `card_type_id`, `person_id`) VALUES (3, 'JOHAN HERNÁNDEZ', '987654', NULL, 1, 3);
INSERT INTO `paidify`.`card` (`id`, `owner`, `card_number`, `card_category_id`, `card_type_id`, `person_id`) VALUES (4, 'JOHAN HERNÁNDEZ', '34567890', 2, 2, 3);

COMMIT;


-- -----------------------------------------------------
-- Data for table `paidify`.`payment_concept`
-- -----------------------------------------------------
START TRANSACTION;
USE `paidify`;
INSERT INTO `paidify`.`payment_concept` (`id`, `concept`, `description`, `amount`) VALUES (1, 'DUPLICADO CARNET INTELIGENTE', NULL, 20000);
INSERT INTO `paidify`.`payment_concept` (`id`, `concept`, `description`, `amount`) VALUES (2, 'BIBLIOTECA MULTA', NULL, 40000);
INSERT INTO `paidify`.`payment_concept` (`id`, `concept`, `description`, `amount`) VALUES (3, 'CARNET PRIMER SEMESTRE', NULL, 50000);
INSERT INTO `paidify`.`payment_concept` (`id`, `concept`, `description`, `amount`) VALUES (4, 'EXAMEN MEDICO PRIMER INGRESO', NULL, 250000);
INSERT INTO `paidify`.`payment_concept` (`id`, `concept`, `description`, `amount`) VALUES (5, 'SUPLETORIO PREGRADO', NULL, 150000);
INSERT INTO `paidify`.`payment_concept` (`id`, `concept`, `description`, `amount`) VALUES (6, 'EXAMEN PSICOMÉTRICO - IDIOMAS', NULL, 250000);
INSERT INTO `paidify`.`payment_concept` (`id`, `concept`, `description`, `amount`) VALUES (7, 'EXAMEN CLASIFICACIÓN IDIOMAS', NULL, 1000000);
INSERT INTO `paidify`.`payment_concept` (`id`, `concept`, `description`, `amount`) VALUES (8, 'ENVÍO POSTAL INTERNACIONAL', NULL, 100000);
INSERT INTO `paidify`.`payment_concept` (`id`, `concept`, `description`, `amount`) VALUES (9, 'SUPLETORIOS IDIOMAS', NULL, 750000);
INSERT INTO `paidify`.`payment_concept` (`id`, `concept`, `description`, `amount`) VALUES (10, 'REEMBOLSO GASTOS DE VIAJE', NULL, 250000);
INSERT INTO `paidify`.`payment_concept` (`id`, `concept`, `description`, `amount`) VALUES (11, 'EXAMEN CERTIFICACIÓN ITALIANO', NULL, 1250000);
INSERT INTO `paidify`.`payment_concept` (`id`, `concept`, `description`, `amount`) VALUES (12, 'CERTIFICADO NIVEL DE ITALIANO', NULL, 25000);
INSERT INTO `paidify`.`payment_concept` (`id`, `concept`, `description`, `amount`) VALUES (13, 'EXAMEN CELPE-BRAS', NULL, 750000);
INSERT INTO `paidify`.`payment_concept` (`id`, `concept`, `description`, `amount`) VALUES (14, 'MULTAS GEOLOGÍA', NULL, 100000);
INSERT INTO `paidify`.`payment_concept` (`id`, `concept`, `description`, `amount`) VALUES (15, 'LENGUA MODERNA Y CULTURA', NULL, 125000);
INSERT INTO `paidify`.`payment_concept` (`id`, `concept`, `description`, `amount`) VALUES (16, 'PAGO MIXTO MATRÍCULA PREGRADO', NULL, 10000000);
INSERT INTO `paidify`.`payment_concept` (`id`, `concept`, `description`, `amount`) VALUES (17, 'MIXTO MATRÍCULA IDIOMAS PREGRADO', NULL, 1000000);
INSERT INTO `paidify`.`payment_concept` (`id`, `concept`, `description`, `amount`) VALUES (18, 'MIXTO MATRÍCULA POSGRADO', NULL, 17500000);
INSERT INTO `paidify`.`payment_concept` (`id`, `concept`, `description`, `amount`) VALUES (19, 'ANTICIPO MATRÍCULA PREGRADO', NULL, 2500000);
INSERT INTO `paidify`.`payment_concept` (`id`, `concept`, `description`, `amount`) VALUES (20, 'ANTICIPO MATRÍCULA POSGRADO', NULL, 5000000);
INSERT INTO `paidify`.`payment_concept` (`id`, `concept`, `description`, `amount`) VALUES (21, 'ANTICIPO MATRÍCULA IDIOMAS', NULL, 200000);
INSERT INTO `paidify`.`payment_concept` (`id`, `concept`, `description`, `amount`) VALUES (22, 'ACTIVIDADES BIENESTAR ORGANIZACIONAL', NULL, 50000);
INSERT INTO `paidify`.`payment_concept` (`id`, `concept`, `description`, `amount`) VALUES (23, 'PCRA PAGO CRÉDITO ADICIONAL', NULL, 625000);
INSERT INTO `paidify`.`payment_concept` (`id`, `concept`, `description`, `amount`) VALUES (24, 'REEMBOLSO FUNCIONARIO ANTICIPO-CONSUMO', NULL, 500000);
INSERT INTO `paidify`.`payment_concept` (`id`, `concept`, `description`, `amount`) VALUES (25, 'ACTIVO FIJO EQUIPO ELECTRÓNICO', NULL, 250000);
INSERT INTO `paidify`.`payment_concept` (`id`, `concept`, `description`, `amount`) VALUES (26, 'FIJO MUEBLES Y ENSERES', NULL, 425000);
INSERT INTO `paidify`.`payment_concept` (`id`, `concept`, `description`, `amount`) VALUES (27, 'DUPLICADO DE CARNET FUNCIONARIO', NULL, 25000);
INSERT INTO `paidify`.`payment_concept` (`id`, `concept`, `description`, `amount`) VALUES (28, 'BIENESTAR ORGANIZACIONAL - UNIVOLUNTARIO', NULL, 50000);
INSERT INTO `paidify`.`payment_concept` (`id`, `concept`, `description`, `amount`) VALUES (29, 'INSCRIPCIÓN MOVILIDAD INTERNACIONAL', NULL, 200000);
INSERT INTO `paidify`.`payment_concept` (`id`, `concept`, `description`, `amount`) VALUES (30, 'AFILIACIÓN EGRESADOS BIBLIOTECA', NULL, 300000);

COMMIT;


-- -----------------------------------------------------
-- Data for table `paidify`.`role`
-- -----------------------------------------------------
START TRANSACTION;
USE `paidify`;
INSERT INTO `paidify`.`role` (`id`, `role`) VALUES (1, 'default');
INSERT INTO `paidify`.`role` (`id`, `role`) VALUES (2, 'admin');

COMMIT;


-- -----------------------------------------------------
-- Data for table `paidify`.`user`
-- -----------------------------------------------------
START TRANSACTION;
USE `paidify`;
INSERT INTO `paidify`.`user` (`id`, `password`, `role_id`, `university_actor_id`, `university_actor_person_id`) VALUES (1, '$2a$08$ZyNySV0Wq8OzICIj9BYsc.FbmNWGHMiwk.yGHaJndDqPUwDlHpCHW', 2, 1, 1);
INSERT INTO `paidify`.`user` (`id`, `password`, `role_id`, `university_actor_id`, `university_actor_person_id`) VALUES (2, '$2a$08$BzX32KiIxVLdH9rylJQA8u6PeSsZXLGHtwqnwUgfJPAS3yvML040u', 1, 2, 2);
INSERT INTO `paidify`.`user` (`id`, `password`, `role_id`, `university_actor_id`, `university_actor_person_id`) VALUES (3, '$2a$08$u96kEG5Aq2SEeBajL69mx.yAJj0s2ZtwnZE2uVfYSIxfH/HoOTGpy', 1, 3, 3);

COMMIT;


-- -----------------------------------------------------
-- Data for table `paidify`.`operation_status`
-- -----------------------------------------------------
START TRANSACTION;
USE `paidify`;
INSERT INTO `paidify`.`operation_status` (`id`, `status`) VALUES (1, 'pending');
INSERT INTO `paidify`.`operation_status` (`id`, `status`) VALUES (2, 'aproved');
INSERT INTO `paidify`.`operation_status` (`id`, `status`) VALUES (3, 'rejected');

COMMIT;


-- -----------------------------------------------------
-- User 'api'
-- -----------------------------------------------------
CREATE USER IF NOT EXISTS 'api' IDENTIFIED BY 'api@db-primary';
GRANT SELECT ON `paidify`.* TO 'api';
GRANT INSERT, DELETE, UPDATE ON `paidify`.`user` TO 'api';
GRANT INSERT, DELETE, UPDATE ON `paidify`.`person` TO 'api';
GRANT INSERT, DELETE, UPDATE ON `paidify`.`university_actor` TO 'api';
GRANT INSERT, DELETE, UPDATE ON `paidify`.`address` TO 'api';
GRANT INSERT, DELETE, UPDATE ON `paidify`.`card` TO 'api';

-- -----------------------------------------------------
-- User 'payment_gateway'
-- -----------------------------------------------------
CREATE USER IF NOT EXISTS 'payment_gateway' IDENTIFIED BY 'payment_gateway@db-primary';
GRANT SELECT ON `paidify`.* TO 'payment_gateway';
GRANT INSERT, DELETE, UPDATE ON `paidify`.`payment` TO 'payment_gateway';
GRANT INSERT, DELETE, UPDATE ON `paidify`.`invoice` TO 'payment_gateway';
GRANT DELETE ON `paidify`.`card` TO 'payment_gateway';
GRANT DELETE ON `paidify`.`person` TO 'payment_gateway';
GRANT DELETE ON `paidify`.`university_actor` TO 'payment_gateway';

-- -----------------------------------------------------
-- User 'balance_gateway'
-- -----------------------------------------------------
CREATE USER IF NOT EXISTS 'balance_gateway' IDENTIFIED BY 'balance_gateway@db-primary';
GRANT SELECT ON `paidify`.* TO 'balance_gateway';
GRANT SELECT, INSERT, DELETE, UPDATE ON `paidify`.`balance_query` TO 'balance_gateway';
GRANT SELECT, INSERT, DELETE, UPDATE ON `paidify`.`card_balance_query` TO 'balance_gateway';
