-- MySQL Script generated by MySQL Workbench
-- Tue Nov 15 18:05:58 2022
-- Model: New Model    Version: 1.0
-- MySQL Workbench Forward Engineering

SET @OLD_UNIQUE_CHECKS=@@UNIQUE_CHECKS, UNIQUE_CHECKS=0;
SET @OLD_FOREIGN_KEY_CHECKS=@@FOREIGN_KEY_CHECKS, FOREIGN_KEY_CHECKS=0;
SET @OLD_SQL_MODE=@@SQL_MODE, SQL_MODE='ONLY_FULL_GROUP_BY,STRICT_TRANS_TABLES,NO_ZERO_IN_DATE,NO_ZERO_DATE,ERROR_FOR_DIVISION_BY_ZERO,NO_ENGINE_SUBSTITUTION';

-- -----------------------------------------------------
-- Schema paidify
-- -----------------------------------------------------

-- -----------------------------------------------------
-- Schema paidify
-- -----------------------------------------------------
CREATE SCHEMA IF NOT EXISTS `paidify` DEFAULT CHARACTER SET utf8 ;
-- -----------------------------------------------------
-- Schema univ
-- -----------------------------------------------------

-- -----------------------------------------------------
-- Schema univ
-- -----------------------------------------------------
CREATE SCHEMA IF NOT EXISTS `univ` DEFAULT CHARACTER SET utf8 COLLATE utf8_bin ;
USE `paidify` ;

-- -----------------------------------------------------
-- Table `paidify`.`card_type`
-- -----------------------------------------------------
CREATE TABLE IF NOT EXISTS `paidify`.`card_type` (
  `id` TINYINT UNSIGNED NOT NULL AUTO_INCREMENT,
  `card_type` VARCHAR(6) NOT NULL,
  PRIMARY KEY (`id`),
  UNIQUE INDEX `type_UNIQUE` (`card_type` ASC) VISIBLE)
ENGINE = InnoDB
AUTO_INCREMENT = 1;


-- -----------------------------------------------------
-- Table `univ`.`department`
-- -----------------------------------------------------
CREATE TABLE IF NOT EXISTS `univ`.`department` (
  `id` TINYINT UNSIGNED NOT NULL AUTO_INCREMENT,
  `department` VARCHAR(45) NOT NULL,
  PRIMARY KEY (`id`),
  UNIQUE INDEX `department_UNIQUE` (`department` ASC) VISIBLE)
ENGINE = InnoDB
AUTO_INCREMENT = 1;


-- -----------------------------------------------------
-- Table `univ`.`city`
-- -----------------------------------------------------
CREATE TABLE IF NOT EXISTS `univ`.`city` (
  `id` TINYINT UNSIGNED NOT NULL AUTO_INCREMENT,
  `city` VARCHAR(45) NOT NULL,
  `department_id` TINYINT UNSIGNED NULL,
  PRIMARY KEY (`id`),
  UNIQUE INDEX `city_UNIQUE` (`city` ASC) VISIBLE,
  INDEX `fk_city_department_idx` (`department_id` ASC) VISIBLE,
  CONSTRAINT `fk_city_department`
    FOREIGN KEY (`department_id`)
    REFERENCES `univ`.`department` (`id`)
    ON DELETE SET NULL
    ON UPDATE CASCADE)
ENGINE = InnoDB
AUTO_INCREMENT = 1;


-- -----------------------------------------------------
-- Table `univ`.`address`
-- -----------------------------------------------------
CREATE TABLE IF NOT EXISTS `univ`.`address` (
  `id` SMALLINT UNSIGNED NOT NULL AUTO_INCREMENT,
  `address_line` VARCHAR(45) NULL,
  `zip_code` VARCHAR(10) NULL,
  `city_id` TINYINT UNSIGNED NULL,
  PRIMARY KEY (`id`),
  INDEX `fk_address_city1_idx` (`city_id` ASC) VISIBLE,
  CONSTRAINT `fk_address_city1`
    FOREIGN KEY (`city_id`)
    REFERENCES `univ`.`city` (`id`)
    ON DELETE SET NULL
    ON UPDATE CASCADE)
ENGINE = InnoDB
AUTO_INCREMENT = 1;


-- -----------------------------------------------------
-- Table `univ`.`doc_type`
-- -----------------------------------------------------
CREATE TABLE IF NOT EXISTS `univ`.`doc_type` (
  `id` TINYINT UNSIGNED NOT NULL AUTO_INCREMENT,
  `doc_type` VARCHAR(3) NOT NULL,
  PRIMARY KEY (`id`),
  UNIQUE INDEX `type_UNIQUE` (`doc_type` ASC) VISIBLE)
ENGINE = InnoDB
AUTO_INCREMENT = 1;


-- -----------------------------------------------------
-- Table `univ`.`person`
-- -----------------------------------------------------
CREATE TABLE IF NOT EXISTS `univ`.`person` (
  `id` SMALLINT UNSIGNED NOT NULL AUTO_INCREMENT,
  `first_name` VARCHAR(25) NOT NULL,
  `last_name` VARCHAR(25) NOT NULL,
  `doc_number` VARCHAR(25) NOT NULL,
  `email` VARCHAR(45) NOT NULL,
  `password` CHAR(60) NOT NULL,
  `address_id` SMALLINT UNSIGNED NULL,
  `doc_type_id` TINYINT UNSIGNED NULL,
  PRIMARY KEY (`id`),
  INDEX `fk_person_address1_idx` (`address_id` ASC) VISIBLE,
  INDEX `fk_person_doc_type1_idx` (`doc_type_id` ASC) VISIBLE,
  CONSTRAINT `fk_person_address1`
    FOREIGN KEY (`address_id`)
    REFERENCES `univ`.`address` (`id`)
    ON DELETE SET NULL
    ON UPDATE CASCADE,
  CONSTRAINT `fk_person_doc_type1`
    FOREIGN KEY (`doc_type_id`)
    REFERENCES `univ`.`doc_type` (`id`)
    ON DELETE SET NULL
    ON UPDATE CASCADE)
ENGINE = InnoDB
AUTO_INCREMENT = 1;


-- -----------------------------------------------------
-- Table `paidify`.`payer`
-- -----------------------------------------------------
CREATE TABLE IF NOT EXISTS `paidify`.`payer` (
  `id` SMALLINT UNSIGNED NOT NULL AUTO_INCREMENT,
  PRIMARY KEY (`id`))
ENGINE = InnoDB
AUTO_INCREMENT = 1;


-- -----------------------------------------------------
-- Table `paidify`.`user`
-- -----------------------------------------------------
CREATE TABLE IF NOT EXISTS `paidify`.`user` (
  `id` SMALLINT UNSIGNED NOT NULL AUTO_INCREMENT,
  `person_id` SMALLINT UNSIGNED NOT NULL,
  `payer_id` SMALLINT UNSIGNED NOT NULL,
  PRIMARY KEY (`id`),
  INDEX `fk_user_person1_idx` (`person_id` ASC) VISIBLE,
  INDEX `fk_user_payer1_idx` (`payer_id` ASC) VISIBLE,
  CONSTRAINT `fk_user_person1`
    FOREIGN KEY (`person_id`)
    REFERENCES `univ`.`person` (`id`)
    ON DELETE CASCADE
    ON UPDATE CASCADE,
  CONSTRAINT `fk_user_payer1`
    FOREIGN KEY (`payer_id`)
    REFERENCES `paidify`.`payer` (`id`)
    ON DELETE NO ACTION
    ON UPDATE CASCADE)
ENGINE = InnoDB
AUTO_INCREMENT = 1;


-- -----------------------------------------------------
-- Table `paidify`.`payment_method`
-- -----------------------------------------------------
CREATE TABLE IF NOT EXISTS `paidify`.`payment_method` (
  `id` SMALLINT UNSIGNED NOT NULL AUTO_INCREMENT,
  `owner` VARCHAR(45) NOT NULL,
  `card_number` VARCHAR(16) NOT NULL,
  `card_type_id` TINYINT UNSIGNED NULL,
  `user_id` SMALLINT UNSIGNED NOT NULL,
  PRIMARY KEY (`id`),
  UNIQUE INDEX `card_number_UNIQUE` (`card_number` ASC) VISIBLE,
  INDEX `fk_card_card_type1_idx` (`card_type_id` ASC) VISIBLE,
  INDEX `fk_payment_method_user1_idx` (`user_id` ASC) VISIBLE,
  CONSTRAINT `fk_card_card_type1`
    FOREIGN KEY (`card_type_id`)
    REFERENCES `paidify`.`card_type` (`id`)
    ON DELETE SET NULL
    ON UPDATE CASCADE,
  CONSTRAINT `fk_payment_method_user1`
    FOREIGN KEY (`user_id`)
    REFERENCES `paidify`.`user` (`id`)
    ON DELETE CASCADE
    ON UPDATE CASCADE)
ENGINE = InnoDB
AUTO_INCREMENT = 1;


-- -----------------------------------------------------
-- Table `univ`.`campus`
-- -----------------------------------------------------
CREATE TABLE IF NOT EXISTS `univ`.`campus` (
  `id` TINYINT UNSIGNED NOT NULL AUTO_INCREMENT,
  `campus` VARCHAR(45) NOT NULL,
  `address_id` SMALLINT UNSIGNED NULL,
  PRIMARY KEY (`id`),
  INDEX `fk_campus_address1_idx` (`address_id` ASC) VISIBLE,
  UNIQUE INDEX `campus_UNIQUE` (`campus` ASC) VISIBLE,
  CONSTRAINT `fk_campus_address1`
    FOREIGN KEY (`address_id`)
    REFERENCES `univ`.`address` (`id`)
    ON DELETE SET NULL
    ON UPDATE CASCADE)
ENGINE = InnoDB
AUTO_INCREMENT = 1;


-- -----------------------------------------------------
-- Table `univ`.`payment_concept`
-- -----------------------------------------------------
CREATE TABLE IF NOT EXISTS `univ`.`payment_concept` (
  `id` TINYINT UNSIGNED NOT NULL AUTO_INCREMENT,
  `payment_concept` VARCHAR(45) NOT NULL,
  `amount` INT UNSIGNED NOT NULL,
  PRIMARY KEY (`id`))
ENGINE = InnoDB
AUTO_INCREMENT = 1;


-- -----------------------------------------------------
-- Table `univ`.`payment_concept_person`
-- -----------------------------------------------------
CREATE TABLE IF NOT EXISTS `univ`.`payment_concept_person` (
  `id` SMALLINT UNSIGNED NOT NULL AUTO_INCREMENT,
  `ref_number` VARCHAR(45) NOT NULL,
  `pay_before` TIMESTAMP NOT NULL,
  `completed` TINYINT UNSIGNED NOT NULL DEFAULT 0,
  `payment_concept_id` TINYINT UNSIGNED NOT NULL,
  `person_id` SMALLINT UNSIGNED NOT NULL,
  PRIMARY KEY (`id`),
  INDEX `fk_payment_concept_person_payment_concept1_idx` (`payment_concept_id` ASC) VISIBLE,
  INDEX `fk_payment_concept_person_person1_idx` (`person_id` ASC) VISIBLE,
  UNIQUE INDEX `ref_number_UNIQUE` (`ref_number` ASC) VISIBLE,
  CONSTRAINT `fk_payment_concept_person_payment_concept1`
    FOREIGN KEY (`payment_concept_id`)
    REFERENCES `univ`.`payment_concept` (`id`)
    ON DELETE CASCADE
    ON UPDATE CASCADE,
  CONSTRAINT `fk_payment_concept_person_person1`
    FOREIGN KEY (`person_id`)
    REFERENCES `univ`.`person` (`id`)
    ON DELETE CASCADE
    ON UPDATE CASCADE)
ENGINE = InnoDB
AUTO_INCREMENT = 1;


-- -----------------------------------------------------
-- Table `paidify`.`payment`
-- -----------------------------------------------------
CREATE TABLE IF NOT EXISTS `paidify`.`payment` (
  `id` SMALLINT UNSIGNED NOT NULL AUTO_INCREMENT,
  `date` TIMESTAMP NOT NULL DEFAULT now(),
  `gateway_date` TIMESTAMP NOT NULL,
  `ref_number` VARCHAR(45) NOT NULL,
  `num_installments` TINYINT UNSIGNED NOT NULL DEFAULT 1,
  `card_type_id` TINYINT UNSIGNED NULL,
  `campus_id` TINYINT UNSIGNED NULL,
  `payment_concept_id` TINYINT UNSIGNED NULL,
  `payer_id` SMALLINT UNSIGNED NULL,
  `payment_concept_person_id` SMALLINT UNSIGNED NULL,
  PRIMARY KEY (`id`),
  UNIQUE INDEX `reference_number_UNIQUE` (`ref_number` ASC) VISIBLE,
  INDEX `fk_payment_card_type1_idx` (`card_type_id` ASC) VISIBLE,
  INDEX `fk_payment_campus1_idx` (`campus_id` ASC) INVISIBLE,
  INDEX `fk_payment_payer1_idx` (`payer_id` ASC) VISIBLE,
  INDEX `fk_payment_payment_concept1_idx` (`payment_concept_id` ASC) VISIBLE,
  INDEX `fk_payment_payment_concept_person1_idx` (`payment_concept_person_id` ASC) VISIBLE,
  CONSTRAINT `fk_payment_card_type1`
    FOREIGN KEY (`card_type_id`)
    REFERENCES `paidify`.`card_type` (`id`)
    ON DELETE SET NULL
    ON UPDATE CASCADE,
  CONSTRAINT `fk_payment_campus1`
    FOREIGN KEY (`campus_id`)
    REFERENCES `univ`.`campus` (`id`)
    ON DELETE SET NULL
    ON UPDATE CASCADE,
  CONSTRAINT `fk_payment_payer1`
    FOREIGN KEY (`payer_id`)
    REFERENCES `paidify`.`payer` (`id`)
    ON DELETE SET NULL
    ON UPDATE CASCADE,
  CONSTRAINT `fk_payment_payment_concept1`
    FOREIGN KEY (`payment_concept_id`)
    REFERENCES `univ`.`payment_concept` (`id`)
    ON DELETE SET NULL
    ON UPDATE CASCADE,
  CONSTRAINT `fk_payment_payment_concept_person1`
    FOREIGN KEY (`payment_concept_person_id`)
    REFERENCES `univ`.`payment_concept_person` (`id`)
    ON DELETE SET NULL
    ON UPDATE CASCADE)
ENGINE = InnoDB
AUTO_INCREMENT = 1;


-- -----------------------------------------------------
-- Table `paidify`.`payment_settled`
-- -----------------------------------------------------
CREATE TABLE IF NOT EXISTS `paidify`.`payment_settled` (
  `id` SMALLINT UNSIGNED NOT NULL AUTO_INCREMENT,
  `amount` INT UNSIGNED NOT NULL,
  `balance` INT UNSIGNED NOT NULL,
  `effective_date` TIMESTAMP NOT NULL,
  `fulfilled` TINYINT NOT NULL,
  `successful` TINYINT NOT NULL,
  `payment_id` SMALLINT UNSIGNED NULL,
  PRIMARY KEY (`id`),
  INDEX `fk_payment_settled_payment1_idx` (`payment_id` ASC) VISIBLE,
  CONSTRAINT `fk_payment_settled_payment1`
    FOREIGN KEY (`payment_id`)
    REFERENCES `paidify`.`payment` (`id`)
    ON DELETE CASCADE
    ON UPDATE CASCADE)
ENGINE = InnoDB
AUTO_INCREMENT = 1;


-- -----------------------------------------------------
-- Table `paidify`.`invoice`
-- -----------------------------------------------------
CREATE TABLE IF NOT EXISTS `paidify`.`invoice` (
  `id` SMALLINT UNSIGNED NOT NULL AUTO_INCREMENT,
  `description` VARCHAR(100) NULL,
  `invoice_number` VARCHAR(45) NOT NULL,
  `payment_settled_id` SMALLINT UNSIGNED NOT NULL,
  PRIMARY KEY (`id`),
  UNIQUE INDEX `invoice_number_UNIQUE` (`invoice_number` ASC) VISIBLE,
  INDEX `fk_invoice_payment_settled1_idx` (`payment_settled_id` ASC) VISIBLE,
  CONSTRAINT `fk_invoice_payment_settled1`
    FOREIGN KEY (`payment_settled_id`)
    REFERENCES `paidify`.`payment_settled` (`id`)
    ON DELETE CASCADE
    ON UPDATE CASCADE)
ENGINE = InnoDB
AUTO_INCREMENT = 1;


-- -----------------------------------------------------
-- Table `paidify`.`address`
-- -----------------------------------------------------
CREATE TABLE IF NOT EXISTS `paidify`.`address` (
  `id` SMALLINT UNSIGNED NOT NULL AUTO_INCREMENT,
  `address_line` VARCHAR(45) NULL,
  `zip_code` VARCHAR(10) NULL,
  `city_id` TINYINT UNSIGNED NULL,
  PRIMARY KEY (`id`),
  INDEX `fk_address_city1_idx` (`city_id` ASC) VISIBLE,
  CONSTRAINT `fk_address_city1`
    FOREIGN KEY (`city_id`)
    REFERENCES `univ`.`city` (`id`)
    ON DELETE SET NULL
    ON UPDATE CASCADE)
ENGINE = InnoDB
AUTO_INCREMENT = 1;


-- -----------------------------------------------------
-- Table `paidify`.`guest`
-- -----------------------------------------------------
CREATE TABLE IF NOT EXISTS `paidify`.`guest` (
  `id` SMALLINT UNSIGNED NOT NULL AUTO_INCREMENT,
  `first_name` VARCHAR(25) NOT NULL,
  `last_name` VARCHAR(25) NOT NULL,
  `doc_number` VARCHAR(25) NOT NULL,
  `email` VARCHAR(25) NOT NULL,
  `doc_type_id` TINYINT UNSIGNED NULL,
  `address_id` SMALLINT UNSIGNED NULL,
  `payer_id` SMALLINT UNSIGNED NOT NULL,
  PRIMARY KEY (`id`),
  UNIQUE INDEX `doc_number_UNIQUE` (`doc_number` ASC) VISIBLE,
  UNIQUE INDEX `email_UNIQUE` (`email` ASC) VISIBLE,
  INDEX `fk_guest_address1_idx` (`address_id` ASC) VISIBLE,
  UNIQUE INDEX `address_id_UNIQUE` (`address_id` ASC) VISIBLE,
  INDEX `fk_guest_doc_type1_idx` (`doc_type_id` ASC) VISIBLE,
  INDEX `fk_guest_payer1_idx` (`payer_id` ASC) VISIBLE,
  CONSTRAINT `fk_guest_address1`
    FOREIGN KEY (`address_id`)
    REFERENCES `paidify`.`address` (`id`)
    ON DELETE SET NULL
    ON UPDATE CASCADE,
  CONSTRAINT `fk_guest_doc_type1`
    FOREIGN KEY (`doc_type_id`)
    REFERENCES `univ`.`doc_type` (`id`)
    ON DELETE SET NULL
    ON UPDATE CASCADE,
  CONSTRAINT `fk_guest_payer1`
    FOREIGN KEY (`payer_id`)
    REFERENCES `paidify`.`payer` (`id`)
    ON DELETE NO ACTION
    ON UPDATE CASCADE)
ENGINE = InnoDB
AUTO_INCREMENT = 1;


-- -----------------------------------------------------
-- Table `paidify`.`user_admin`
-- -----------------------------------------------------
CREATE TABLE IF NOT EXISTS `paidify`.`user_admin` (
  `id` TINYINT UNSIGNED NOT NULL AUTO_INCREMENT,
  `username` VARCHAR(15) NOT NULL,
  `password` CHAR(60) NOT NULL,
  PRIMARY KEY (`id`),
  UNIQUE INDEX `username_UNIQUE` (`username` ASC) VISIBLE)
ENGINE = InnoDB
AUTO_INCREMENT = 1;


-- -----------------------------------------------------
-- Table `paidify`.`payment_req`
-- -----------------------------------------------------
CREATE TABLE IF NOT EXISTS `paidify`.`payment_req` (
  `id` SMALLINT NOT NULL AUTO_INCREMENT,
  `card_number` VARCHAR(16) NOT NULL,
  `owner` VARCHAR(45) NOT NULL,
  `cvv` CHAR(60) NOT NULL,
  `exp_month` CHAR(60) NOT NULL,
  `exp_year` CHAR(60) NOT NULL,
  `payment_id` SMALLINT UNSIGNED NOT NULL,
  PRIMARY KEY (`id`),
  INDEX `fk_payment_req_payment1_idx` (`payment_id` ASC) VISIBLE,
  CONSTRAINT `fk_payment_req_payment1`
    FOREIGN KEY (`payment_id`)
    REFERENCES `paidify`.`payment` (`id`)
    ON DELETE CASCADE
    ON UPDATE CASCADE)
ENGINE = InnoDB
AUTO_INCREMENT = 1;

USE `univ` ;

-- -----------------------------------------------------
-- Table `univ`.`univ_actor`
-- -----------------------------------------------------
CREATE TABLE IF NOT EXISTS `univ`.`univ_actor` (
  `id` SMALLINT UNSIGNED NOT NULL AUTO_INCREMENT,
  `username` VARCHAR(15) NOT NULL,
  `person_id` SMALLINT UNSIGNED NOT NULL,
  `campus_id` TINYINT UNSIGNED NULL,
  INDEX `fk_univ_actor_person1_idx` (`person_id` ASC) VISIBLE,
  PRIMARY KEY (`id`),
  UNIQUE INDEX `username_UNIQUE` (`username` ASC) VISIBLE,
  INDEX `fk_univ_actor_campus1_idx` (`campus_id` ASC) VISIBLE,
  CONSTRAINT `fk_univ_actor_person1`
    FOREIGN KEY (`person_id`)
    REFERENCES `univ`.`person` (`id`)
    ON DELETE CASCADE
    ON UPDATE CASCADE,
  CONSTRAINT `fk_univ_actor_campus1`
    FOREIGN KEY (`campus_id`)
    REFERENCES `univ`.`campus` (`id`)
    ON DELETE SET NULL
    ON UPDATE CASCADE)
ENGINE = InnoDB
AUTO_INCREMENT = 1;


SET SQL_MODE=@OLD_SQL_MODE;
SET FOREIGN_KEY_CHECKS=@OLD_FOREIGN_KEY_CHECKS;
SET UNIQUE_CHECKS=@OLD_UNIQUE_CHECKS;

-- -----------------------------------------------------
-- Data for table `paidify`.`card_type`
-- -----------------------------------------------------
START TRANSACTION;
USE `paidify`;
INSERT INTO `paidify`.`card_type` (`id`, `card_type`) VALUES (1, 'credit');
INSERT INTO `paidify`.`card_type` (`id`, `card_type`) VALUES (2, 'debit');

COMMIT;


-- -----------------------------------------------------
-- Data for table `univ`.`department`
-- -----------------------------------------------------
START TRANSACTION;
USE `univ`;
INSERT INTO `univ`.`department` (`id`, `department`) VALUES (1, 'Atlántico');
INSERT INTO `univ`.`department` (`id`, `department`) VALUES (2, 'Magdalena');
INSERT INTO `univ`.`department` (`id`, `department`) VALUES (3, 'Bolívar');
INSERT INTO `univ`.`department` (`id`, `department`) VALUES (4, 'Sucre');
INSERT INTO `univ`.`department` (`id`, `department`) VALUES (5, 'Córdoba');

COMMIT;


-- -----------------------------------------------------
-- Data for table `univ`.`city`
-- -----------------------------------------------------
START TRANSACTION;
USE `univ`;
INSERT INTO `univ`.`city` (`id`, `city`, `department_id`) VALUES (1, 'Barranquilla', 1);
INSERT INTO `univ`.`city` (`id`, `city`, `department_id`) VALUES (2, 'Santa Marta', 2);
INSERT INTO `univ`.`city` (`id`, `city`, `department_id`) VALUES (3, 'Cartagena', 3);
INSERT INTO `univ`.`city` (`id`, `city`, `department_id`) VALUES (4, 'Sincelejo', 4);
INSERT INTO `univ`.`city` (`id`, `city`, `department_id`) VALUES (5, 'Montería', 5);

COMMIT;


-- -----------------------------------------------------
-- Data for table `univ`.`address`
-- -----------------------------------------------------
START TRANSACTION;
USE `univ`;
INSERT INTO `univ`.`address` (`id`, `address_line`, `zip_code`, `city_id`) VALUES (1, 'Cra 50 # 12 - 43', '8001', 1);
INSERT INTO `univ`.`address` (`id`, `address_line`, `zip_code`, `city_id`) VALUES (2, 'Cra 50 # 12 - 43', '8002', 2);
INSERT INTO `univ`.`address` (`id`, `address_line`, `zip_code`, `city_id`) VALUES (3, 'Cra 50 # 12 - 43', '8003', 3);
INSERT INTO `univ`.`address` (`id`, `address_line`, `zip_code`, `city_id`) VALUES (4, 'Cra 50 # 12 - 43', '8004', 4);
INSERT INTO `univ`.`address` (`id`, `address_line`, `zip_code`, `city_id`) VALUES (5, 'Cra 50 # 12 - 43', '8005', 5);
INSERT INTO `univ`.`address` (`id`, `address_line`, `zip_code`, `city_id`) VALUES (6, 'Cra 50 # 12 - 43', '8006', 5);
INSERT INTO `univ`.`address` (`id`, `address_line`, `zip_code`, `city_id`) VALUES (7, 'Cra 50 # 12 - 43', '8007', 2);
INSERT INTO `univ`.`address` (`id`, `address_line`, `zip_code`, `city_id`) VALUES (8, 'Cra 50 # 12 - 43', '8008', 1);
INSERT INTO `univ`.`address` (`id`, `address_line`, `zip_code`, `city_id`) VALUES (9, 'Cra 50 # 12 - 43', '8009', 1);
INSERT INTO `univ`.`address` (`id`, `address_line`, `zip_code`, `city_id`) VALUES (10, 'Cra 50 # 12 - 43', '8010', 3);

COMMIT;


-- -----------------------------------------------------
-- Data for table `univ`.`doc_type`
-- -----------------------------------------------------
START TRANSACTION;
USE `univ`;
INSERT INTO `univ`.`doc_type` (`id`, `doc_type`) VALUES (1, 'CC');
INSERT INTO `univ`.`doc_type` (`id`, `doc_type`) VALUES (2, 'TI');
INSERT INTO `univ`.`doc_type` (`id`, `doc_type`) VALUES (3, 'CE');
INSERT INTO `univ`.`doc_type` (`id`, `doc_type`) VALUES (4, 'NIT');

COMMIT;


-- -----------------------------------------------------
-- Data for table `univ`.`person`
-- -----------------------------------------------------
START TRANSACTION;
USE `univ`;
INSERT INTO `univ`.`person` (`id`, `first_name`, `last_name`, `doc_number`, `email`, `password`, `address_id`, `doc_type_id`) VALUES (1, 'Alicia', 'González Rojas', '001', 'alicia@univ.edu', '$2a$08$UGzUIs4rBqtStvhcXdZ9oeZWPB.dRQVw/IKqleD8q.q/XPoy2lrjm', 6, 1);
INSERT INTO `univ`.`person` (`id`, `first_name`, `last_name`, `doc_number`, `email`, `password`, `address_id`, `doc_type_id`) VALUES (2, 'Miguel Ángel', 'Zúñiga Leones', '002', 'miguel@univ.edu', '$2a$08$Cd6H.B4n2vx5qEFioME2/e/IbwvLMSs6dupQ4ify74FHvYui4viNG', 7, 2);
INSERT INTO `univ`.`person` (`id`, `first_name`, `last_name`, `doc_number`, `email`, `password`, `address_id`, `doc_type_id`) VALUES (3, 'Johan', 'Hernández Sánchez', '003', 'johan@univ.edu', '$2a$08$v8QTU5gI17S9FYb3JjipSOVeHsxvSmt0dRSXiE6ncWH67Oqmx9n.i', 8, 1);
INSERT INTO `univ`.`person` (`id`, `first_name`, `last_name`, `doc_number`, `email`, `password`, `address_id`, `doc_type_id`) VALUES (4, 'Luisa Fernanda', 'Pineda Arias', '004', 'luisa@gmail.com', '$2a$12$ZxnAoV/9B7rb9QqDJYyYtObu7ZAuYryX7cNOHLlA7ut1ok0Z25SlG', 9, 1);
INSERT INTO `univ`.`person` (`id`, `first_name`, `last_name`, `doc_number`, `email`, `password`, `address_id`, `doc_type_id`) VALUES (5, 'Sandra María', 'Patiño Rodríguez', '005', 'sandra@gmail.com', '$2a$12$vJLdOKFSIgNyep/vLuQWi.c5PYef9XDLhfx4H3k/C0VpvwpwtmeDm', 10, 1);

COMMIT;


-- -----------------------------------------------------
-- Data for table `paidify`.`payer`
-- -----------------------------------------------------
START TRANSACTION;
USE `paidify`;
INSERT INTO `paidify`.`payer` (`id`) VALUES (1);
INSERT INTO `paidify`.`payer` (`id`) VALUES (2);
INSERT INTO `paidify`.`payer` (`id`) VALUES (3);
INSERT INTO `paidify`.`payer` (`id`) VALUES (4);
INSERT INTO `paidify`.`payer` (`id`) VALUES (5);

COMMIT;


-- -----------------------------------------------------
-- Data for table `paidify`.`user`
-- -----------------------------------------------------
START TRANSACTION;
USE `paidify`;
INSERT INTO `paidify`.`user` (`id`, `person_id`, `payer_id`) VALUES (1, 1, 1);
INSERT INTO `paidify`.`user` (`id`, `person_id`, `payer_id`) VALUES (2, 2, 2);
INSERT INTO `paidify`.`user` (`id`, `person_id`, `payer_id`) VALUES (3, 3, 3);
INSERT INTO `paidify`.`user` (`id`, `person_id`, `payer_id`) VALUES (4, 4, 4);
INSERT INTO `paidify`.`user` (`id`, `person_id`, `payer_id`) VALUES (5, 5, 5);

COMMIT;


-- -----------------------------------------------------
-- Data for table `univ`.`campus`
-- -----------------------------------------------------
START TRANSACTION;
USE `univ`;
INSERT INTO `univ`.`campus` (`id`, `campus`, `address_id`) VALUES (1, 'Barranquilla', 1);
INSERT INTO `univ`.`campus` (`id`, `campus`, `address_id`) VALUES (2, 'Santa Marta', 2);
INSERT INTO `univ`.`campus` (`id`, `campus`, `address_id`) VALUES (3, 'Cartagena', 3);
INSERT INTO `univ`.`campus` (`id`, `campus`, `address_id`) VALUES (4, 'Sincelejo', 4);
INSERT INTO `univ`.`campus` (`id`, `campus`, `address_id`) VALUES (5, 'Montería', 5);

COMMIT;


-- -----------------------------------------------------
-- Data for table `univ`.`payment_concept`
-- -----------------------------------------------------
START TRANSACTION;
USE `univ`;
INSERT INTO `univ`.`payment_concept` (`id`, `payment_concept`, `amount`) VALUES (1, 'DUPLICADO CARNET INTELIGENTE', 20000);
INSERT INTO `univ`.`payment_concept` (`id`, `payment_concept`, `amount`) VALUES (2, 'BIBLIOTECA MULTA', 40000);
INSERT INTO `univ`.`payment_concept` (`id`, `payment_concept`, `amount`) VALUES (3, 'CARNET PRIMER SEMESTRE', 50000);
INSERT INTO `univ`.`payment_concept` (`id`, `payment_concept`, `amount`) VALUES (4, 'EXAMEN MEDICO PRIMER INGRESO', 250000);
INSERT INTO `univ`.`payment_concept` (`id`, `payment_concept`, `amount`) VALUES (5, 'SUPLETORIO PREGRADO', 150000);
INSERT INTO `univ`.`payment_concept` (`id`, `payment_concept`, `amount`) VALUES (6, 'EXAMEN PSICOMÉTRICO - IDIOMAS', 250000);
INSERT INTO `univ`.`payment_concept` (`id`, `payment_concept`, `amount`) VALUES (7, 'EXAMEN CLASIFICACIÓN IDIOMAS', 1000000);
INSERT INTO `univ`.`payment_concept` (`id`, `payment_concept`, `amount`) VALUES (8, 'ENVÍO POSTAL INTERNACIONAL', 100000);
INSERT INTO `univ`.`payment_concept` (`id`, `payment_concept`, `amount`) VALUES (9, 'SUPLETORIOS IDIOMAS', 750000);
INSERT INTO `univ`.`payment_concept` (`id`, `payment_concept`, `amount`) VALUES (10, 'REEMBOLSO GASTOS DE VIAJE', 250000);
INSERT INTO `univ`.`payment_concept` (`id`, `payment_concept`, `amount`) VALUES (11, 'EXAMEN CERTIFICACIÓN ITALIANO', 1250000);
INSERT INTO `univ`.`payment_concept` (`id`, `payment_concept`, `amount`) VALUES (12, 'CERTIFICADO NIVEL DE ITALIANO', 25000);
INSERT INTO `univ`.`payment_concept` (`id`, `payment_concept`, `amount`) VALUES (13, 'EXAMEN CELPE-BRAS', 750000);
INSERT INTO `univ`.`payment_concept` (`id`, `payment_concept`, `amount`) VALUES (14, 'MULTAS GEOLOGÍA', 100000);
INSERT INTO `univ`.`payment_concept` (`id`, `payment_concept`, `amount`) VALUES (15, 'LENGUA MODERNA Y CULTURA', 125000);
INSERT INTO `univ`.`payment_concept` (`id`, `payment_concept`, `amount`) VALUES (16, 'PAGO MIXTO MATRÍCULA PREGRADO', 10000000);
INSERT INTO `univ`.`payment_concept` (`id`, `payment_concept`, `amount`) VALUES (17, 'MIXTO MATRÍCULA IDIOMAS PREGRADO', 1000000);
INSERT INTO `univ`.`payment_concept` (`id`, `payment_concept`, `amount`) VALUES (18, 'MIXTO MATRÍCULA POSGRADO', 17500000);
INSERT INTO `univ`.`payment_concept` (`id`, `payment_concept`, `amount`) VALUES (19, 'ANTICIPO MATRÍCULA PREGRADO', 2500000);
INSERT INTO `univ`.`payment_concept` (`id`, `payment_concept`, `amount`) VALUES (20, 'ANTICIPO MATRÍCULA POSGRADO', 5000000);
INSERT INTO `univ`.`payment_concept` (`id`, `payment_concept`, `amount`) VALUES (21, 'ANTICIPO MATRÍCULA IDIOMAS', 200000);
INSERT INTO `univ`.`payment_concept` (`id`, `payment_concept`, `amount`) VALUES (22, 'ACTIVIDADES BIENESTAR ORGANIZACIONAL', 50000);
INSERT INTO `univ`.`payment_concept` (`id`, `payment_concept`, `amount`) VALUES (23, 'PCRA PAGO CRÉDITO ADICIONAL', 625000);
INSERT INTO `univ`.`payment_concept` (`id`, `payment_concept`, `amount`) VALUES (24, 'REEMBOLSO FUNCIONARIO ANTICIPO-CONSUMO', 500000);
INSERT INTO `univ`.`payment_concept` (`id`, `payment_concept`, `amount`) VALUES (25, 'ACTIVO FIJO EQUIPO ELECTRÓNICO', 250000);
INSERT INTO `univ`.`payment_concept` (`id`, `payment_concept`, `amount`) VALUES (26, 'FIJO MUEBLES Y ENSERES', 425000);
INSERT INTO `univ`.`payment_concept` (`id`, `payment_concept`, `amount`) VALUES (27, 'DUPLICADO DE CARNET FUNCIONARIO', 25000);
INSERT INTO `univ`.`payment_concept` (`id`, `payment_concept`, `amount`) VALUES (28, 'BIENESTAR ORGANIZACIONAL - UNIVOLUNTARIO', 50000);
INSERT INTO `univ`.`payment_concept` (`id`, `payment_concept`, `amount`) VALUES (29, 'INSCRIPCIÓN MOVILIDAD INTERNACIONAL', 200000);
INSERT INTO `univ`.`payment_concept` (`id`, `payment_concept`, `amount`) VALUES (30, 'AFILIACIÓN EGRESADOS BIBLIOTECA', 300000);

COMMIT;


-- -----------------------------------------------------
-- Data for table `univ`.`payment_concept_person`
-- -----------------------------------------------------
START TRANSACTION;
USE `univ`;
INSERT INTO `univ`.`payment_concept_person` (`id`, `ref_number`, `pay_before`, `completed`, `payment_concept_id`, `person_id`) VALUES (1, '7328', '2023-01-01 00:00:00', DEFAULT, 23, 1);
INSERT INTO `univ`.`payment_concept_person` (`id`, `ref_number`, `pay_before`, `completed`, `payment_concept_id`, `person_id`) VALUES (2, '9128', '2023-01-01 00:00:00', DEFAULT, 5, 2);
INSERT INTO `univ`.`payment_concept_person` (`id`, `ref_number`, `pay_before`, `completed`, `payment_concept_id`, `person_id`) VALUES (3, '5613', '2023-01-01 00:00:00', DEFAULT, 29, 1);
INSERT INTO `univ`.`payment_concept_person` (`id`, `ref_number`, `pay_before`, `completed`, `payment_concept_id`, `person_id`) VALUES (4, '7219', '2023-01-01 00:00:00', DEFAULT, 30, 5);
INSERT INTO `univ`.`payment_concept_person` (`id`, `ref_number`, `pay_before`, `completed`, `payment_concept_id`, `person_id`) VALUES (5, '5436', '2023-01-01 00:00:00', DEFAULT, 22, 5);
INSERT INTO `univ`.`payment_concept_person` (`id`, `ref_number`, `pay_before`, `completed`, `payment_concept_id`, `person_id`) VALUES (6, '9032', '2023-01-01 00:00:00', DEFAULT, 12, 2);
INSERT INTO `univ`.`payment_concept_person` (`id`, `ref_number`, `pay_before`, `completed`, `payment_concept_id`, `person_id`) VALUES (7, '6534', '2023-01-01 00:00:00', DEFAULT, 16, 2);
INSERT INTO `univ`.`payment_concept_person` (`id`, `ref_number`, `pay_before`, `completed`, `payment_concept_id`, `person_id`) VALUES (8, '7212', '2023-01-01 00:00:00', DEFAULT, 19, 4);
INSERT INTO `univ`.`payment_concept_person` (`id`, `ref_number`, `pay_before`, `completed`, `payment_concept_id`, `person_id`) VALUES (9, '2137', '2023-01-01 00:00:00', DEFAULT, 9, 3);
INSERT INTO `univ`.`payment_concept_person` (`id`, `ref_number`, `pay_before`, `completed`, `payment_concept_id`, `person_id`) VALUES (10, '8953', '2023-01-01 00:00:00', DEFAULT, 8, 3);
INSERT INTO `univ`.`payment_concept_person` (`id`, `ref_number`, `pay_before`, `completed`, `payment_concept_id`, `person_id`) VALUES (11, '7823', '2023-01-01 00:00:00', DEFAULT, 21, 2);
INSERT INTO `univ`.`payment_concept_person` (`id`, `ref_number`, `pay_before`, `completed`, `payment_concept_id`, `person_id`) VALUES (12, '2138', '2023-01-01 00:00:00', DEFAULT, 27, 4);
INSERT INTO `univ`.`payment_concept_person` (`id`, `ref_number`, `pay_before`, `completed`, `payment_concept_id`, `person_id`) VALUES (13, '7391', '2023-01-01 00:00:00', DEFAULT, 2, 5);
INSERT INTO `univ`.`payment_concept_person` (`id`, `ref_number`, `pay_before`, `completed`, `payment_concept_id`, `person_id`) VALUES (14, '4764', '2023-01-01 00:00:00', DEFAULT, 15, 5);
INSERT INTO `univ`.`payment_concept_person` (`id`, `ref_number`, `pay_before`, `completed`, `payment_concept_id`, `person_id`) VALUES (15, '8931', '2023-01-01 00:00:00', DEFAULT, 8, 4);

COMMIT;


-- -----------------------------------------------------
-- Data for table `paidify`.`user_admin`
-- -----------------------------------------------------
START TRANSACTION;
USE `paidify`;
INSERT INTO `paidify`.`user_admin` (`id`, `username`, `password`) VALUES (1, 'johndoe', '$2a$08$ZyNySV0Wq8OzICIj9BYsc.FbmNWGHMiwk.yGHaJndDqPUwDlHpCHW');

COMMIT;


-- -----------------------------------------------------
-- Data for table `univ`.`univ_actor`
-- -----------------------------------------------------
START TRANSACTION;
USE `univ`;
INSERT INTO `univ`.`univ_actor` (`id`, `username`, `person_id`, `campus_id`) VALUES (1, 'alicia', 1, 5);
INSERT INTO `univ`.`univ_actor` (`id`, `username`, `person_id`, `campus_id`) VALUES (2, 'miguel', 2, 1);
INSERT INTO `univ`.`univ_actor` (`id`, `username`, `person_id`, `campus_id`) VALUES (3, 'johan', 3, 3);

COMMIT;


-- -----------------------------------------------------
-- User 'balance_gateway'
-- -----------------------------------------------------
CREATE USER IF NOT EXISTS 'balance_gateway' IDENTIFIED BY 'balance_gateway@paidify';
GRANT SELECT ON `paidify`.* TO 'balance_gateway';
GRANT SELECT ON `univ`.* TO 'balance_gateway';

-- -----------------------------------------------------
-- User 'payment_gateway'
-- -----------------------------------------------------
CREATE USER IF NOT EXISTS 'payment_gateway' IDENTIFIED BY 'payment_gateway@paidify';
GRANT SELECT ON `paidify`.* TO 'payment_gateway';
GRANT INSERT, DELETE, UPDATE ON `paidify`.`payment` TO 'payment_gateway';
GRANT INSERT, DELETE, UPDATE ON `paidify`.`payment_req` TO 'payment_gateway';
GRANT INSERT, DELETE, UPDATE ON `paidify`.`payment_settled` TO 'payment_gateway';
GRANT INSERT, DELETE, UPDATE ON `paidify`.`invoice` TO 'payment_gateway';
GRANT DELETE ON `paidify`.`payment_method` TO 'payment_gateway';
GRANT INSERT ON `paidify`.`payer` TO 'payment_gateway';
GRANT INSERT, UPDATE ON `paidify`.`guest` TO 'payment_gateway';
GRANT INSERT, UPDATE ON `paidify`.`address` TO 'payment_gateway';
GRANT SELECT ON `univ`.* TO 'payment_gateway';
GRANT UPDATE ON `univ`.`payment_concept_person` TO 'payment_gateway';

-- -----------------------------------------------------
-- User 'queries'
-- -----------------------------------------------------
CREATE USER IF NOT EXISTS 'queries' IDENTIFIED BY 'queries@paidify';
GRANT SELECT ON `paidify`.* TO 'queries';
GRANT INSERT, DELETE, UPDATE ON `paidify`.`address` TO 'queries';
GRANT INSERT, DELETE, UPDATE ON `paidify`.`user` TO 'queries';
GRANT INSERT, DELETE, UPDATE ON `paidify`.`guest` TO 'queries';
GRANT INSERT, DELETE, UPDATE ON `paidify`.`payer` TO 'queries';
GRANT INSERT, DELETE, UPDATE ON `paidify`.`payment_method` TO 'queries';
GRANT DELETE ON `paidify`.`payment` TO 'queries';
GRANT DELETE ON `paidify`.`payment_req` TO 'queries';
GRANT SELECT ON `univ`.* TO 'queries';

-- -----------------------------------------------------
-- User 'auth'
-- -----------------------------------------------------
CREATE USER IF NOT EXISTS 'auth' IDENTIFIED BY 'auth@paidify';
GRANT SELECT ON `paidify`.* TO 'auth';
GRANT SELECT ON `univ`.* TO 'auth';
